[{"model": "admin.logentry", "pk": 1, "fields": {"action_time": "2021-07-09T21:57:57.229", "user": 1, "content_type": 8, "object_id": "3", "object_repr": "django23", "action_flag": 2, "change_message": "[{\"changed\": {\"fields\": [\"Is deleted\"]}}]"}}, {"model": "admin.logentry", "pk": 2, "fields": {"action_time": "2021-07-09T21:58:03.863", "user": 1, "content_type": 8, "object_id": "2", "object_repr": "django", "action_flag": 2, "change_message": "[{\"changed\": {\"fields\": [\"Active\", \"Is deleted\"]}}]"}}, {"model": "admin.logentry", "pk": 3, "fields": {"action_time": "2021-07-23T19:41:02.511", "user": 1, "content_type": 7, "object_id": "20", "object_repr": "Красный стул 3", "action_flag": 2, "change_message": "[{\"changed\": {\"fields\": [\"\\u0418\\u043c\\u044f \\u043f\\u0440\\u043e\\u0434\\u0443\\u043a\\u0442\\u0430\", \"\\u0418\\u0437\\u043e\\u0431\\u0440\\u0430\\u0436\\u0435\\u043d\\u0438\\u0435\"]}}]"}}, {"model": "admin.logentry", "pk": 4, "fields": {"action_time": "2021-07-23T19:41:20.088", "user": 1, "content_type": 7, "object_id": "19", "object_repr": "Кровать", "action_flag": 2, "change_message": "[{\"changed\": {\"fields\": [\"\\u0418\\u0437\\u043e\\u0431\\u0440\\u0430\\u0436\\u0435\\u043d\\u0438\\u0435\"]}}]"}}, {"model": "admin.logentry", "pk": 5, "fields": {"action_time": "2021-07-23T20:46:46.089", "user": 1, "content_type": 8, "object_id": "15", "object_repr": "kirillkulakov", "action_flag": 3, "change_message": ""}}, {"model": "admin.logentry", "pk": 6, "fields": {"action_time": "2021-07-23T20:46:46.098", "user": 1, "content_type": 8, "object_id": "14", "object_repr": "lll", "action_flag": 3, "change_message": ""}}, {"model": "admin.logentry", "pk": 7, "fields": {"action_time": "2021-07-23T20:46:46.104", "user": 1, "content_type": 8, "object_id": "13", "object_repr": "kkkk", "action_flag": 3, "change_message": ""}}, {"model": "admin.logentry", "pk": 8, "fields": {"action_time": "2021-07-23T20:46:46.110", "user": 1, "content_type": 8, "object_id": "12", "object_repr": "jjj", "action_flag": 3, "change_message": ""}}, {"model": "admin.logentry", "pk": 9, "fields": {"action_time": "2021-07-23T20:46:46.116", "user": 1, "content_type": 8, "object_id": "11", "object_repr": "hhh", "action_flag": 3, "change_message": ""}}, {"model": "admin.logentry", "pk": 10, "fields": {"action_time": "2021-07-23T20:46:46.121", "user": 1, "content_type": 8, "object_id": "10", "object_repr": "gggg", "action_flag": 3, "change_message": ""}}, {"model": "admin.logentry", "pk": 11, "fields": {"action_time": "2021-07-23T20:46:46.127", "user": 1, "content_type": 8, "object_id": "9", "object_repr": "fff", "action_flag": 3, "change_message": ""}}, {"model": "admin.logentry", "pk": 12, "fields": {"action_time": "2021-07-23T20:46:46.134", "user": 1, "content_type": 8, "object_id": "8", "object_repr": "sdgf", "action_flag": 3, "change_message": ""}}, {"model": "admin.logentry", "pk": 13, "fields": {"action_time": "2021-07-23T20:46:46.145", "user": 1, "content_type": 8, "object_id": "7", "object_repr": "asdasd", "action_flag": 3, "change_message": ""}}, {"model": "admin.logentry", "pk": 14, "fields": {"action_time": "2021-07-23T20:46:46.152", "user": 1, "content_type": 8, "object_id": "6", "object_repr": "kirill", "action_flag": 3, "change_message": ""}}, {"model": "admin.logentry", "pk": 15, "fields": {"action_time": "2021-07-23T20:46:46.160", "user": 1, "content_type": 8, "object_id": "5", "object_repr": "vasiliy2", "action_flag": 3, "change_message": ""}}, {"model": "admin.logentry", "pk": 16, "fields": {"action_time": "2021-07-23T20:46:46.168", "user": 1, "content_type": 8, "object_id": "4", "object_repr": "vasiliy", "action_flag": 3, "change_message": ""}}, {"model": "admin.logentry", "pk": 17, "fields": {"action_time": "2021-07-23T20:46:46.174", "user": 1, "content_type": 8, "object_id": "3", "object_repr": "django234", "action_flag": 3, "change_message": ""}}, {"model": "admin.logentry", "pk": 18, "fields": {"action_time": "2021-07-23T20:46:46.180", "user": 1, "content_type": 8, "object_id": "2", "object_repr": "django", "action_flag": 3, "change_message": ""}}, {"model": "admin.logentry", "pk": 19, "fields": {"action_time": "2021-07-23T20:46:56.579", "user": 1, "content_type": 8, "object_id": "1", "object_repr": "admin", "action_flag": 2, "change_message": "[{\"changed\": {\"fields\": [\"Email address\"]}}]"}}, {"model": "admin.logentry", "pk": 20, "fields": {"action_time": "2021-07-23T20:50:25.633", "user": 1, "content_type": 8, "object_id": "16", "object_repr": "kirillkulakov", "action_flag": 3, "change_message": ""}}, {"model": "admin.logentry", "pk": 21, "fields": {"action_time": "2021-07-23T20:50:47.620", "user": 1, "content_type": 8, "object_id": "17", "object_repr": "kirillkulakov", "action_flag": 1, "change_message": "[{\"added\": {}}]"}}, {"model": "admin.logentry", "pk": 22, "fields": {"action_time": "2021-07-23T22:30:57.436", "user": 1, "content_type": 8, "object_id": "18", "object_repr": "kirillkulakovc1efb5093d40485c", "action_flag": 3, "change_message": ""}}, {"model": "admin.logentry", "pk": 23, "fields": {"action_time": "2021-07-23T22:30:57.447", "user": 1, "content_type": 8, "object_id": "17", "object_repr": "kirillkulakov", "action_flag": 3, "change_message": ""}}, {"model": "admin.logentry", "pk": 24, "fields": {"action_time": "2021-07-23T22:33:07.448", "user": 1, "content_type": 13, "object_id": "4", "object_repr": "kirillkulakov", "action_flag": 3, "change_message": ""}}, {"model": "admin.logentry", "pk": 25, "fields": {"action_time": "2021-07-23T22:33:14.763", "user": 1, "content_type": 8, "object_id": "19", "object_repr": "kirillkulakov", "action_flag": 3, "change_message": ""}}, {"model": "admin.logentry", "pk": 26, "fields": {"action_time": "2021-08-03T20:10:13.811", "user": 1, "content_type": 7, "object_id": "14", "object_repr": "Лампа сфера", "action_flag": 2, "change_message": "[{\"changed\": {\"fields\": [\"\\u041a\\u043e\\u043b\\u0438\\u0447\\u0435\\u0441\\u0442\\u0432\\u043e \\u0442\\u043e\\u0432\\u0430\\u0440\\u0430 \\u043d\\u0430 \\u0441\\u043a\\u043b\\u0430\\u0434\\u0435\"]}}]"}}, {"model": "admin.logentry", "pk": 27, "fields": {"action_time": "2021-08-03T20:11:02.551", "user": 1, "content_type": 7, "object_id": "14", "object_repr": "Лампа сфера", "action_flag": 2, "change_message": "[{\"changed\": {\"fields\": [\"Is deleted\"]}}]"}}, {"model": "admin.logentry", "pk": 28, "fields": {"action_time": "2021-08-13T20:20:26.001", "user": 1, "content_type": 6, "object_id": "13", "object_repr": "Офис", "action_flag": 2, "change_message": "[{\"changed\": {\"fields\": [\"Is deleted\"]}}]"}}, {"model": "admin.logentry", "pk": 29, "fields": {"action_time": "2021-08-13T20:20:52.664", "user": 1, "content_type": 6, "object_id": "13", "object_repr": "Офис", "action_flag": 2, "change_message": "[{\"changed\": {\"fields\": [\"Is deleted\"]}}]"}}, {"model": "admin.logentry", "pk": 30, "fields": {"action_time": "2021-08-13T20:57:57.844", "user": 1, "content_type": 6, "object_id": "13", "object_repr": "Офис", "action_flag": 2, "change_message": "[]"}}, {"model": "admin.logentry", "pk": 31, "fields": {"action_time": "2021-08-13T20:58:28.621", "user": 1, "content_type": 7, "object_id": "15", "object_repr": "Кресло из белой кожи", "action_flag": 2, "change_message": "[{\"changed\": {\"fields\": [\"Is deleted\"]}}]"}}, {"model": "admin.logentry", "pk": 32, "fields": {"action_time": "2021-08-13T21:58:24.352", "user": 1, "content_type": 8, "object_id": "20", "object_repr": "kirillkulakov", "action_flag": 3, "change_message": ""}}, {"model": "sessions.session", "pk": "00a8bio0ly4dcp023chwx2qocwlq14fh", "fields": {"session_data": ".eJxVjMsOwiAQRf-FtSE8hgAu3fsNZAamUjWQlHZl_Hdt0oVu7znnvkTCba1pG7ykuYiz0OL0uxHmB7cdlDu2W5e5t3WZSe6KPOiQ1174eTncv4OKo35rAGBbVIkYogYwaEI2kwuOstMGlAvsKZDKk_Vos1UaorfOkSJk7b14fwDECDcF:1mC3YL:-h3aI-oEmYr6dcU9SvqYv-hkvu_3KblDYjTsP5-Kf-k", "expire_date": "2021-08-20T20:22:37.383"}}, {"model": "sessions.session", "pk": "23zfcqhfmwtlapva5tnjjdawxlwku6oa", "fields": {"session_data": ".eJxVjDsOwjAQBe_iGln2BvyhpM8ZrF3vggPIluKkQtwdIqWA9s3Me6mE61LS2mVOE6uzAnX43QjzQ-oG-I711nRudZkn0puid9r12Fiel939OyjYy7cWiUADxGsQZIZg_MmSI8jOgDlSYBQbwTqy7GHILBQoR2THOQb0Rr0_9MU4ig:1lyJ9P:qyI9qF-OkMz4rwWRgDaO28Tf7NBhH-PEm3pl72-9ejk", "expire_date": "2021-07-13T22:12:03.342"}}, {"model": "sessions.session", "pk": "2spynunl5j8fwicmupdozbq7ydpqn4jw", "fields": {"session_data": ".eJxVjMsOwiAQRf-FtSE8hgAu3fsNZAamUjWQlHZl_Hdt0oVu7znnvkTCba1pG7ykuYiz0OL0uxHmB7cdlDu2W5e5t3WZSe6KPOiQ1174eTncv4OKo35rAGBbVIkYogYwaEI2kwuOstMGlAvsKZDKk_Vos1UaorfOkSJk7b14fwDECDcF:1m3LoK:7GJKxoUn788IRC5nN5B1HzVUSZlip8oc1yuHBqTd9I4", "expire_date": "2021-07-27T20:03:08.190"}}, {"model": "sessions.session", "pk": "6mm8g5jehysiu9gv6rpkq2wgf0x4nff6", "fields": {"session_data": ".eJxVjMsOwiAQRf-FtSE8hgAu3fsNZAamUjWQlHZl_Hdt0oVu7znnvkTCba1pG7ykuYiz0OL0uxHmB7cdlDu2W5e5t3WZSe6KPOiQ1174eTncv4OKo35rAGBbVIkYogYwaEI2kwuOstMGlAvsKZDKk_Vos1UaorfOkSJk7b14fwDECDcF:1lzOIH:BTPKnmziXiqBqCJCsN_Lh9b--6qS7r8PrqhhXsI7Qh4", "expire_date": "2021-07-16T21:53:41.103"}}, {"model": "sessions.session", "pk": "9geuygb7gybmm34ibyfvf0ysnkdut9gd", "fields": {"session_data": ".eJxVjMsOwiAQRf-FtSE8hgAu3fsNZAamUjWQlHZl_Hdt0oVu7znnvkTCba1pG7ykuYiz0OL0uxHmB7cdlDu2W5e5t3WZSe6KPOiQ1174eTncv4OKo35rAGBbVIkYogYwaEI2kwuOstMGlAvsKZDKk_Vos1UaorfOkSJk7b14fwDECDcF:1m5um7:cy6l3sUy0TnoUNXnT44juynAuMcRyH1z68BmT0E9zhE", "expire_date": "2021-08-03T21:47:27.322"}}, {"model": "sessions.session", "pk": "kmbzm2wnleukny8yt50aq2fbkv9muqtx", "fields": {"session_data": ".eJxVjMtuwjAQRf_Faxr8GNcOSyhs2kZi1100Y08IDcQtcSqkin8nkdiwPfec-y96vmaxEkuxEH_dS8Ixt7oeMmae6PumAfNTtXugceQvmbvf12u12Z9321R90NsU1XNRjwNf6mOcEvXMCEPH_TzEb-wPqQipz5cjFbNSPNah-EyRT-uH-3TQ4tBONQCwiTKW6EsFoFH7oBvrLQWrNEjr2ZEnGRrj0AQjFZTOWEuSkJVz4nYHCTFLdg:1m9Vwq:486yvsp0aEHRW9KV7cEq5MiuBHC9IdKR-oVI1_k4Y6U", "expire_date": "2021-08-13T20:05:24.695"}}, {"model": "sessions.session", "pk": "mc89n1xdjfb9kvocsoeh5xfutjtjlyuc", "fields": {"session_data": ".eJxVj8tOwzAQRf_F65LaTvxiV6FKQAgsQAhW1tgZmihRjGqnAqH-ex1UIbo9V-femR8y4Vci12RNVuQwXAWYU8dtTJAw0239LprAqN7wZ_lS39bNzePb5_dd4-4b_jCbLNnFsHPEve3brHB6CR34AaclicH3MFof9licaSwOQ_FaP22W1Uuvg9hlSVSmEgxAq0p7Lj0z1CErEWlpUH2AoBVrWau8U7pkpgWBVKLUmktFS3S59Lz7Wz1CTHYMu376d9jf3-R4AkgiV2U:1m719Q:Q_UhplYq_C_aoo1SeUpCL61At32r0yVwG68fuAuoCno", "expire_date": "2021-08-06T22:48:04.085"}}, {"model": "sessions.session", "pk": "ovrc7zuuk04z8ar7vgghruc5gqsr0eiw", "fields": {"session_data": ".eJxVjMsOwiAQRf-FtSE8hgAu3fsNZAamUjWQlHZl_Hdt0oVu7znnvkTCba1pG7ykuYiz0OL0uxHmB7cdlDu2W5e5t3WZSe6KPOiQ1174eTncv4OKo35rAGBbVIkYogYwaEI2kwuOstMGlAvsKZDKk_Vos1UaorfOkSJk7b14fwDECDcF:1mEaeQ:hrh80CNAxOAB3Y5gArV_RKxHy2h3ml9syxtGjOnwYh8", "expire_date": "2021-08-27T20:07:22.848"}}, {"model": "sessions.session", "pk": "pc0odzsrd1dr64nsrozrprz7pu1l7x5k", "fields": {"session_data": ".eJxVjMsOwiAQRf-FtSE8hgAu3fsNZAamUjWQlHZl_Hdt0oVu7znnvkTCba1pG7ykuYiz0OL0uxHmB7cdlDu2W5e5t3WZSe6KPOiQ1174eTncv4OKo35rAGBbVIkYogYwaEI2kwuOstMGlAvsKZDKk_Vos1UaorfOkSJk7b14fwDECDcF:1m2sZc:qpbMplYgiWUb-iaA0eDsVaHlPBfCGuJR2TM6KXw6t9o", "expire_date": "2021-07-26T12:50:00.689"}}, {"model": "sessions.session", "pk": "qmegirxtllw3zb60hzyuow3ocm3cjb5t", "fields": {"session_data": "eyJuZXh0IjoiLyIsInZrLW9hdXRoMl9zdGF0ZSI6IklBWmRNbll2MnJXMTAxeUxuUUowd3BHTFFjMExFSnBOIn0:1m705k:sivX-mW5amuu2FmKdvyiyPynWBPbGKS0yyPzzmuY7pM", "expire_date": "2021-08-06T21:40:12.248"}}, {"model": "sessions.session", "pk": "vbmernqgyahxjyirqjkao8gzhg6c3wes", "fields": {"session_data": ".eJxVjMsOwiAQRf-FtSE8hgAu3fsNZAamUjWQlHZl_Hdt0oVu7znnvkTCba1pG7ykuYiz0OL0uxHmB7cdlDu2W5e5t3WZSe6KPOiQ1174eTncv4OKo35rAGBbVIkYogYwaEI2kwuOstMGlAvsKZDKk_Vos1UaorfOkSJk7b14fwDECDcF:1m1v1D:ezxQosqpCV5t2aN5ToCaqsLORpRSNXI4N_A-LzF-wlg", "expire_date": "2021-07-23T21:14:31.766"}}, {"model": "sessions.session", "pk": "vr65tfwaodwiiscowyclcgaod1vc7ftl", "fields": {"session_data": ".eJxVjMsOwiAQRf-FtSE8hgAu3fsNZAamUjWQlHZl_Hdt0oVu7znnvkTCba1pG7ykuYiz0OL0uxHmB7cdlDu2W5e5t3WZSe6KPOiQ1174eTncv4OKo35rAGBbVIkYogYwaEI2kwuOstMGlAvsKZDKk_Vos1UaorfOkSJk7b14fwDECDcF:1m8QTe:JzYBv0NWOQVdLrtovinu0_MvC0ookGVGPjmyMQIO9RY", "expire_date": "2021-08-10T20:02:46.902"}}, {"model": "sessions.session", "pk": "x9434kgt3539yhdlt3608dhr5wln9ozn", "fields": {"session_data": ".eJxVjMsOwiAQRf-FtSE8hgAu3fsNZAamUjWQlHZl_Hdt0oVu7znnvkTCba1pG7ykuYiz0OL0uxHmB7cdlDu2W5e5t3WZSe6KPOiQ1174eTncv4OKo35rAGBbVIkYogYwaEI2kwuOstMGlAvsKZDKk_Vos1UaorfOkSJk7b14fwDECDcF:1mAxr9:qldtaOu16iFI48O5mstjrkc6feYI1kGp9moBqx43FoM", "expire_date": "2021-08-17T20:05:31.114"}}, {"model": "mainapp.productcategory", "pk": 11, "fields": {"name": "Стулья", "description": "Это супер стулья", "created": "2021-06-29T21:02:17.630", "updated": "2021-06-29T21:02:17.630", "is_deleted": false}}, {"model": "mainapp.productcategory", "pk": 12, "fields": {"name": "Дом", "description": "", "created": "2021-06-29T21:02:17.636", "updated": "2021-06-29T21:02:17.636", "is_deleted": false}}, {"model": "mainapp.productcategory", "pk": 13, "fields": {"name": "Офис", "description": "", "created": "2021-06-29T21:02:17.642", "updated": "2021-08-13T20:57:57.774", "is_deleted": false}}, {"model": "mainapp.productcategory", "pk": 14, "fields": {"name": "Модерн", "description": "", "created": "2021-06-29T21:02:17.650", "updated": "2021-06-29T21:02:17.650", "is_deleted": false}}, {"model": "mainapp.productcategory", "pk": 15, "fields": {"name": "Классика", "description": "", "created": "2021-06-29T21:02:17.656", "updated": "2021-06-29T21:02:17.656", "is_deleted": false}}, {"model": "mainapp.product", "pk": 13, "fields": {"category": 11, "name": "Красный стул", "image": "product_images/product-4.jpg", "short_desc": "Красивый стул", "description": "Очень красивый стул", "price": "2800.00", "quantity": 21, "created": "2021-06-29T21:02:17.662", "updated": "2021-08-03T20:52:59.220", "is_deleted": true}}, {"model": "mainapp.product", "pk": 14, "fields": {"category": 13, "name": "Лампа сфера", "image": "product_images/product-1.jpg", "short_desc": "Нежный ламповый свет", "description": "", "price": "4500.00", "quantity": 2, "created": "2021-06-29T21:02:17.669", "updated": "2021-08-03T20:53:01.669", "is_deleted": true}}, {"model": "mainapp.product", "pk": 15, "fields": {"category": 13, "name": "Кресло из белой кожи", "image": "product_images/product-21.jpg", "short_desc": "Уникальный дизайн", "description": "", "price": "14500.00", "quantity": 27, "created": "2021-06-29T21:02:17.678", "updated": "2021-08-13T20:58:28.494", "is_deleted": false}}, {"model": "mainapp.product", "pk": 16, "fields": {"category": 11, "name": "Синий стул", "image": "product_images/product-4.jpg", "short_desc": "Красивый стул", "description": "", "price": "4300.00", "quantity": 7, "created": "2021-06-29T21:02:17.700", "updated": "2021-08-03T20:52:56.566", "is_deleted": false}}, {"model": "mainapp.product", "pk": 17, "fields": {"category": 15, "name": "Лампа сфера 2.0", "image": "product_images/product-1.jpg", "short_desc": "Нежный ламповый свет", "description": "", "price": "14500.00", "quantity": 6, "created": "2021-06-29T21:02:17.712", "updated": "2021-07-30T21:55:21.016", "is_deleted": false}}, {"model": "mainapp.product", "pk": 18, "fields": {"category": 14, "name": "Кресло из белой кожи Носорога", "image": "product_images/product-21.jpg", "short_desc": "Уникальный дизайн", "description": "", "price": "24500.00", "quantity": 20, "created": "2021-06-29T21:02:17.719", "updated": "2021-08-10T20:24:30.828", "is_deleted": false}}, {"model": "mainapp.product", "pk": 19, "fields": {"category": 12, "name": "Кровать", "image": "product_images/product-3-sm.jpg", "short_desc": "Уникальный дизайн", "description": "Супер комфортная кровать", "price": "14000.00", "quantity": 7, "created": "2021-07-13T20:32:09.957", "updated": "2021-07-30T21:12:49.943", "is_deleted": false}}, {"model": "mainapp.product", "pk": 20, "fields": {"category": 11, "name": "Красный стул 3", "image": "product_images/product-4_uaVyEWH.jpg", "short_desc": "Красивый стул", "description": "Супер Пупер стул 23", "price": "2300.00", "quantity": 14, "created": "2021-07-13T20:37:56.049", "updated": "2021-08-03T20:52:56.553", "is_deleted": false}}, {"model": "authapp.shopuser", "pk": 1, "fields": {"password": "pbkdf2_sha256$260000$i3yYz5WoNJb73e9ibQg9qz$I9xw7UBCiLvx5vvuVRL2vnSgMnYqpLOe5VaN6dtnuro=", "last_login": "2021-08-13T20:07:22.219", "is_superuser": true, "username": "admin", "first_name": "Kirill", "last_name": "Kulakov", "email": "23kdkulakov@gmail.com", "is_staff": true, "is_active": true, "date_joined": "2021-06-29T21:02:17", "avatar": "users_avatars/Screenshot_20210513_131354.png", "age": 30, "is_deleted": false, "activation_key": "", "activation_key_expires": "2021-07-22T20:45:17", "groups": [], "user_permissions": []}}, {"model": "authapp.shopuserprofile", "pk": 1, "fields": {"user": 1, "tag_line": "", "about_me": "", "gender": ""}}, {"model": "basketapp.basket", "pk": 11, "fields": {"user": 1, "product": 18, "quantity": 1, "add_datetime": "2021-08-10T20:24:30.872", "is_deleted": false}}, {"model": "ordersapp.order", "pk": 1, "fields": {"user": 1, "created": "2021-07-27T21:59:47.164", "update": "2021-07-27T22:14:27.194", "status": "FM", "is_active": false}}, {"model": "ordersapp.order", "pk": 2, "fields": {"user": 1, "created": "2021-07-27T22:14:35.414", "update": "2021-07-27T22:14:47.593", "status": "STP", "is_active": true}}, {"model": "ordersapp.order", "pk": 3, "fields": {"user": 1, "created": "2021-07-28T16:50:29.126", "update": "2021-07-30T20:33:14.258", "status": "FM", "is_active": false}}, {"model": "ordersapp.order", "pk": 4, "fields": {"user": 1, "created": "2021-07-30T21:19:36.677", "update": "2021-07-30T21:55:21.038", "status": "FM", "is_active": false}}, {"model": "ordersapp.order", "pk": 5, "fields": {"user": 1, "created": "2021-07-30T21:21:14.118", "update": "2021-07-30T21:21:31.570", "status": "FM", "is_active": false}}, {"model": "ordersapp.order", "pk": 6, "fields": {"user": 1, "created": "2021-07-30T21:27:20.913", "update": "2021-07-30T21:27:32.574", "status": "FM", "is_active": false}}, {"model": "ordersapp.order", "pk": 7, "fields": {"user": 1, "created": "2021-07-30T21:55:12.522", "update": "2021-08-03T20:53:01.681", "status": "FM", "is_active": false}}, {"model": "ordersapp.order", "pk": 8, "fields": {"user": 1, "created": "2021-07-30T22:01:54.425", "update": "2021-07-30T22:02:31.604", "status": "FM", "is_active": false}}, {"model": "ordersapp.order", "pk": 9, "fields": {"user": 1, "created": "2021-07-30T22:12:00.289", "update": "2021-08-03T20:52:59.240", "status": "FM", "is_active": false}}, {"model": "ordersapp.order", "pk": 10, "fields": {"user": 1, "created": "2021-07-30T22:17:56.973", "update": "2021-07-30T22:18:17.956", "status": "FM", "is_active": false}}, {"model": "ordersapp.order", "pk": 11, "fields": {"user": 1, "created": "2021-08-03T20:52:46.072", "update": "2021-08-03T20:52:56.588", "status": "FM", "is_active": false}}, {"model": "ordersapp.orderitem", "pk": 1, "fields": {"order": 1, "product": 14, "quantity": 12}}, {"model": "ordersapp.orderitem", "pk": 2, "fields": {"order": 1, "product": 14, "quantity": 23}}, {"model": "ordersapp.orderitem", "pk": 3, "fields": {"order": 2, "product": 15, "quantity": 34}}, {"model": "ordersapp.orderitem", "pk": 4, "fields": {"order": 3, "product": 13, "quantity": 3}}, {"model": "ordersapp.orderitem", "pk": 5, "fields": {"order": 4, "product": 17, "quantity": 2}}, {"model": "ordersapp.orderitem", "pk": 6, "fields": {"order": 5, "product": 14, "quantity": 456}}, {"model": "ordersapp.orderitem", "pk": 7, "fields": {"order": 6, "product": 16, "quantity": 1}}, {"model": "ordersapp.orderitem", "pk": 8, "fields": {"order": 7, "product": 14, "quantity": 2}}, {"model": "ordersapp.orderitem", "pk": 9, "fields": {"order": 8, "product": 13, "quantity": 2}}, {"model": "ordersapp.orderitem", "pk": 10, "fields": {"order": 9, "product": 13, "quantity": 1}}, {"model": "ordersapp.orderitem", "pk": 11, "fields": {"order": 10, "product": 13, "quantity": 1}}, {"model": "ordersapp.orderitem", "pk": 12, "fields": {"order": 10, "product": 15, "quantity": 1}}, {"model": "ordersapp.orderitem", "pk": 13, "fields": {"order": 11, "product": 20, "quantity": 1}}, {"model": "ordersapp.orderitem", "pk": 14, "fields": {"order": 11, "product": 16, "quantity": 1}}, {"model": "ordersapp.orderitem", "pk": 15, "fields": {"order": 11, "product": 15, "quantity": 1}}]